Assumption ID,Assumption Plain Text,Functional Area ID,Subgroup,Subgroup Variable Name,Metric,Assumption Category,Type,Unit,Value,Scope,Derivation,Source,Notes
AE_ADULT_MINOR_LOS,Time spent in an adult minors space,BAYS_AE,adult minor,adult_minor_attendances,Length of stay,workload,duration,minutes,60,subgroup,,,
AE_ADULT_MINOR_UTIL,Utilisation rate of adult minors,BAYS_AE,adult minor,adult_minor_attendances,Utilisation rate,operational,proportion,percentage,0.5,subgroup,,,
AE_BAYS_ANNUAL_OPERATIONAL_HOURS,Annual operational hours of A&E bay spaces,BAYS_AE,all groups,,Annual operational hours,operational,duration,hours,8760,functional area,24 hours/day × 365 days/year,,
AE_CHILD_MINOR_LOS,Time spent in a child minors space,BAYS_AE,child minor,child_minor_attendances,Length of stay,workload,duration,minutes,60,subgroup,,,
AE_CHILD_MINOR_UTIL,Utilisation rate of child minors,BAYS_AE,child minor,child_minor_attendances,Utilisation rate,operational,proportion,percentage,0.5,subgroup,,,
AE_ADULT_MAJOR_LOS,Time spent in an adult majors space,BEDS_AE,adult major,adult_major_attendances,Length of stay,workload,duration,minutes,240,subgroup,,,
AE_ADULT_MAJOR_UTIL,Utilisation rate of adult majors,BEDS_AE,adult major,adult_major_attendances,Utilisation rate,operational,proportion,percentage,0.5,subgroup,,,
AE_BEDS_ANNUAL_OPERATIONAL_HOURS,Annual operational hours of A&E bed spaces,BEDS_AE,all groups,,Annual operational hours,operational,duration,hours,8760,functional area,24 hours/day × 365 days/year,,
AE_CHILD_MAJOR_LOS,Time spent in a child majors space,BEDS_AE,child major,child_major_attendances,Length of stay,workload,duration,minutes,240,subgroup,,,
AE_CHILD_MAJOR_UTIL,Utilisation rate of child majors,BEDS_AE,child major,child_major_attendances,Utilisation rate,operational,proportion,percentage,0.5,subgroup,,,
AE_RESUS_LOS,Time spent in a resuscitation space,BEDS_AE,resuscitation,resus_attendances,Length of stay,workload,duration,minutes,240,subgroup,,,
AE_RESUS_UTIL,Utilisation rate of resuscitation,BEDS_AE,resuscitation,resus_attendances,Utilisation rate,operational,proportion,percentage,0.5,subgroup,,,
CRITICAL_CARE_ADULT_OCC,Occupancy rate in adult critical care,BEDS_CRITICAL_CARE,adult,,Occupancy rate,operational,proportion,percentage,0.7,subgroup,,,
CRITICAL_CARE_ADULT_PERCENT_OVERNIGHT_BED_DAYS,Proportion of inpatient overnight bed-days that are in adult critical care,BEDS_CRITICAL_CARE,adult,,Proportion of inpatient overnight bed-days,other,proportion,percentage,0.03,subgroup,,,
CRITICAL_CARE_ANNUAL_OPERATIONAL_DAYS,Days per year that critical care is operational,BEDS_CRITICAL_CARE,all groups,,Annual operational days,operational,duration,days,365,functional area,,,
CRITICAL_CARE_NEONATAL_OCC,Occupancy rate in neonatal critical care,BEDS_CRITICAL_CARE,neonatal,,Occupancy rate,operational,proportion,percentage,0.7,subgroup,,,
CRITICAL_CARE_NEONATAL_PERCENT_OVERNIGHT_BED_DAYS,Proportion of inpatient overnight bed-days that are in neonatal critical care,BEDS_CRITICAL_CARE,neonatal,,Proportion of inpatient overnight bed-days,other,proportion,percentage,1,subgroup,,,
CRITICAL_CARE_PAEDIATRIC_OCC,Occupancy rate in paediatric critical care,BEDS_CRITICAL_CARE,paediatric,,Occupancy rate,operational,proportion,percentage,0.7,subgroup,,,
CRITICAL_CARE_PAEDIATRIC_PERCENT_OVERNIGHT_BED_DAYS,Proportion of inpatient overnight bed-days that are in paediatric critical care,BEDS_CRITICAL_CARE,paediatric,,Proportion of inpatient overnight bed-days,other,proportion,percentage,0.03,subgroup,,,
DAYCASE_ENDOSCOPY_RECOVERY_ANNUAL_OPERATIONAL_HOURS,Hours per year that day case endoscopy recovery is operational,BEDS_DAYCASE_ENDOSCOPY_RECOVERY,all groups,,Annual operational hours,operational,duration,hours,4032,functional area,14 hours/day × 6 days/week × 48 weeks/year,,
DAYCASE_ENDOSCOPY_RECOVERY_LOS,Duration of stay in day case endoscopy recovery,BEDS_DAYCASE_ENDOSCOPY_RECOVERY,all groups,,Length of stay,workload,duration,hours,7,functional area,,,
DAYCASE_ENDOSCOPY_RECOVERY_OCC,Occupancy rate in day case endoscopy recovery,BEDS_DAYCASE_ENDOSCOPY_RECOVERY,all groups,,Occupancy rate,operational,proportion,percentage,0.85,functional area,,,
DAYCASE_RECOVERY_ADULT_MEDICAL_LOS,Duration of stay in adult medical day case recovery,BEDS_DAYCASE_RECOVERY,adult medical,,Length of stay,workload,duration,hours,7,subgroup,,,H2.0 Operational Standards references 2 patients per bed per day for Beds - Day (medical)
DAYCASE_RECOVERY_ADULT_MEDICAL_OCC,Occupancy rate in adult medical day case recovery,BEDS_DAYCASE_RECOVERY,adult medical,,Occupancy rate,operational,proportion,percentage,0.85,subgroup,,,H2.0 Operational Standards references 2 patients per bed per day for Beds - Day (medical)
DAYCASE_RECOVERY_ADULT_SURGICAL_LOS,Duration of stay in adult surgical day case recovery,BEDS_DAYCASE_RECOVERY,adult surgical,,Length of stay,workload,duration,hours,9.3,subgroup,,,H2.0 Operational Standards references 1.5 patients per bed per day for Beds - Day (surgical)
DAYCASE_RECOVERY_ADULT_SURGICAL_OCC,Occupancy rate in adult surgical day case recovery,BEDS_DAYCASE_RECOVERY,adult surgical,,Occupancy rate,operational,proportion,percentage,0.85,subgroup,,,H2.0 Operational Standards references 1.5 patients per bed per day for Beds - Day (surgical)
DAYCASE_RECOVERY_ANNUAL_OPERATIONAL_HOURS,Hours per year that day case recovery is operational,BEDS_DAYCASE_RECOVERY,all groups,,Annual operational hours,operational,duration,hours,4032,functional area,14 hours/day × 6 days/week × 48 weeks/year,,H2.0 Operational Standard references a patients per bed day target split by medical/surgical
DAYCASE_RECOVERY_PAEDIATRIC_MEDICAL_LOS,Duration of stay in paediatric medical day case recovery,BEDS_DAYCASE_RECOVERY,paediatric medical,,Length of stay,workload,duration,hours,7,subgroup,,,H2.0 Operational Standards references 2 patients per bed per day for Beds - Day (medical)
DAYCASE_RECOVERY_PAEDIATRIC_MEDICAL_OCC,Occupancy rate in paediatric medical day case recovery,BEDS_DAYCASE_RECOVERY,paediatric medical,,Occupancy rate,operational,proportion,percentage,0.85,subgroup,,,H2.0 Operational Standards references 2 patients per bed per day for Beds - Day (medical)
DAYCASE_RECOVERY_PAEDIATRIC_SURGICAL_LOS,Duration of stay in paediatric surgical day case recovery,BEDS_DAYCASE_RECOVERY,paediatric surgical,,Length of stay,workload,duration,hours,9.3,subgroup,,,H2.0 Operational Standards references 1.5 patients per bed per day for Beds - Day (surgical)
DAYCASE_RECOVERY_PAEDIATRIC_SURGICAL_OCC,Occupancy rate in paediatric surgical day case recovery,BEDS_DAYCASE_RECOVERY,paediatric surgical,,Occupancy rate,operational,proportion,percentage,0.85,subgroup,,,H2.0 Operational Standards references 1.5 patients per bed per day for Beds - Day (surgical)
BEDS_DAYCASE_RENAL_ANNUAL_SESSION_CAPACITY_PER_BED,Sessions per bed per year in renal day case unit,BEDS_DAYCASE_RENAL,all groups,,Annual session capacity per bed,operational,rate,sessions per bed per year,576,functional area,2 sessions/day × 6 days/week × 48 weeks/year,H2.0 Operational Standard,H2.0 Operational Standards references 2 patients per bed per day to manage throughput on medical day units
INPATIENT_ASSESSMENT_ADULT_OCC,Occupancy rate in adult inpatient assessment unit,BEDS_INPATIENT_ASSESSMENT,adult,,Occupancy rate,operational,proportion,percentage,0.85,subgroup,,,
INPATIENT_ASSESSMENT_ADULT_NON_ELECTIVE_MEDICAL_LOS,Hours spent in an assessment bed per adult non-elective medical inpatient spell,BEDS_INPATIENT_ASSESSMENT,adult non-elective medical,,Length of stay,workload,duration,hours,24,subgroup,,,
INPATIENT_ASSESSMENT_ADULT_NON_ELECTIVE_SURGICAL_LOS,Hours spent in an assessment bed per adult non-elective surgical inpatient spell,BEDS_INPATIENT_ASSESSMENT,adult non-elective surgical,,Length of stay,workload,duration,hours,24,subgroup,,,
INPATIENT_ASSESSMENT_ANNUAL_OPERATIONAL_DAYS,Days per year that inpatient assessment unit is operational,BEDS_INPATIENT_ASSESSMENT,all groups,,Annual operational days,operational,duration,days,365,functional area,,,
INPATIENT_ASSESSMENT_PAEDIATRIC_OCC,Occupancy rate in paediatric inpatient assessment unit,BEDS_INPATIENT_ASSESSMENT,paediatric,,Occupancy rate,operational,proportion,percentage,0.85,subgroup,,,
INPATIENT_ASSESSMENT_PAEDIATRIC_NON_ELECTIVE_MEDICAL_LOS,Hours spent in an assessment bed per paediatric non-elective medical inpatient spell,BEDS_INPATIENT_ASSESSMENT,paediatric non-elective medical,,Length of stay,workload,duration,hours,24,subgroup,,,
INPATIENT_ASSESSMENT_PAEDIATRIC_NON_ELECTIVE_SURGICAL_LOS,Hours spent in an assessment bed per paediatric non-elective surgical inpatient spell,BEDS_INPATIENT_ASSESSMENT,paediatric non-elective surgical,,Length of stay,workload,duration,hours,24,subgroup,,,
WARD_ADULT_ELECTIVE_OCC,Occupancy rate in adult elective inpatient ward,BEDS_INPATIENT_WARD,adult elective,,Occupancy rate,operational,proportion,percentage,0.92,subgroup,,H2.0 Operational Standard,
WARD_ADULT_ELECTIVE_MEDICAL_ZERO_DAY_LOS,Hours spent in an inpatient bed per 0-day length of stay adult elective medical spell,BEDS_INPATIENT_WARD,adult elective medical,,Length of stay,workload,duration,hours,12,subgroup,,,
WARD_ADULT_ELECTIVE_SURGICAL_ZERO_DAY_LOS,Hours spent in an inpatient bed per 0-day length of stay adult elective surgical spell,BEDS_INPATIENT_WARD,adult elective surgical,,Length of stay,workload,duration,hours,12,subgroup,,,
WARD_ADULT_NON_ELECTIVE_OCC,Occupancy rate in adult non-elective inpatient ward,BEDS_INPATIENT_WARD,adult non-elective,,Occupancy rate,operational,proportion,percentage,0.92,subgroup,,H2.0 Operational Standard,
WARD_ADULT_NON_ELECTIVE_MEDICAL_ZERO_DAY_LOS,Hours spent in an inpatient bed per 0-day length of stay adult non-elective medical spell,BEDS_INPATIENT_WARD,adult non-elective medical,,Length of stay,workload,duration,hours,12,subgroup,,,
WARD_ADULT_NON_ELECTIVE_SURGICAL_ZERO_DAY_LOS,Hours spent in an inpatient bed per 0-day length of stay adult non-elective surgical spell,BEDS_INPATIENT_WARD,adult non-elective surgical,,Length of stay,workload,duration,hours,12,subgroup,,,
WARD_ANNUAL_OPERATIONAL_DAYS,Days per year that inpatient ward is operational,BEDS_INPATIENT_WARD,all groups,,Annual operational days,operational,duration,days,365,functional area,,,
WARD_PAEDIATRIC_OCC,Occupancy rate in paediatric inpatient ward,BEDS_INPATIENT_WARD,paediatric,,Occupancy rate,operational,proportion,percentage,0.92,subgroup,,H2.0 Operational Standard,
WARD_PAEDIATRIC_ELECTIVE_MEDICAL_ZERO_DAY_LOS,Hours spent in an inpatient bed per 0-day length of stay paediatric elective medical spell,BEDS_INPATIENT_WARD,paediatric elective medical,,Length of stay,workload,duration,hours,12,subgroup,,,
WARD_PAEDIATRIC_ELECTIVE_SURGICAL_ZERO_DAY_LOS,Hours spent in an inpatient bed per 0-day length of stay paediatric elective surgical spell,BEDS_INPATIENT_WARD,paediatric elective surgical,,Length of stay,workload,duration,hours,12,subgroup,,,
WARD_PAEDIATRIC_NON_ELECTIVE_MEDICAL_ZERO_DAY_LOS,Hours spent in an inpatient bed per 0-day length of stay paediatric non-elective medical spell,BEDS_INPATIENT_WARD,paediatric non-elective medical,,Length of stay,workload,duration,hours,12,subgroup,,,
WARD_PAEDIATRIC_NON_ELECTIVE_SURGICAL_ZERO_DAY_LOS,Hours spent in an inpatient bed per 0-day length of stay paediatric non-elective surgical spell,BEDS_INPATIENT_WARD,paediatric non-elective surgical,,Length of stay,workload,duration,hours,12,subgroup,,,
MATERNITY_ASSESSMENT_ANNUAL_OPERATIONAL_HOURS,Hours per year that maternity assessment unit is operational,BEDS_MATERNITY_ASSESSMENT,all groups,,Annual operational hours,operational,duration,hours,3600,functional area,12 hours/day × 6 days/week × 50 weeks/year,,
MATERNITY_ASSESSMENT_OCC,Occupancy rate in maternity assessment unit,BEDS_MATERNITY_ASSESSMENT,all groups,,Occupancy rate,operational,proportion,percentage,0.85,functional area,,,
MATERNITY_ASSESSMENT_ZERO_DAY_LOS,Hours spent in maternity assessment unit per 0-day length of stay spell,BEDS_MATERNITY_ASSESSMENT,all groups,,Length of stay,workload,duration,hours,2,functional area,,,
MATERNITY_WARD_ANNUAL_OPERATIONAL_DAYS,Days per year that maternity ward is operational,BEDS_MATERNITY_WARD,all groups,,Annual operational days,operational,duration,days,365,functional area,,,
MATERNITY_WARD_OCC,Occupancy rate in maternity ward,BEDS_MATERNITY_WARD,all groups,,Occupancy rate,operational,proportion,percentage,0.75,functional area,,,
MATERNITY_WARD_ASSISTED_DELIVERY_ZERO_DAY_LOS,Hours spent in maternity ward per 0-day length of stay assisted delivery spell,BEDS_MATERNITY_WARD,assisted delivery,,Length of stay,workload,duration,hours,12,subgroup,,,
MATERNITY_WARD_ELECTIVE_C_SECTION_ZERO_DAY_LOS,Hours spent in maternity ward per 0-day length of stay elective c-section spell,BEDS_MATERNITY_WARD,elective C-section,,Length of stay,workload,duration,hours,0,subgroup,,,
MATERNITY_WARD_NON_ELECTIVE_C_SECTION_ZERO_DAY_LOS,Hours spent in maternity ward per 0-day length of stay non-elective c-section spell,BEDS_MATERNITY_WARD,non-elective C-section,,Length of stay,workload,duration,hours,12,subgroup,,,
MATERNITY_WARD_NORMAL_DELIVERY_ZERO_DAY_LOS,Hours spent in maternity ward per 0-day length of stay normal delivery spell,BEDS_MATERNITY_WARD,normal delivery,,Length of stay,workload,duration,hours,12,subgroup,,,
LABS_CARDIAC_CATH_ANNUAL_OPERATIONAL_HOURS,Hours per year that cardiac catheterisation laboratory is operational,LABS_CARDIAC_CATH_PROC,all groups,,Annual operational hours,operational,duration,hours,2880,functional area,10 hours/day × 6 days/week × 48 weeks/year,H2.0 Operational Standard,
LABS_CARDIAC_CATH_PROC_TIME,Procedure time in cardiac catheterisation laboratory,LABS_CARDIAC_CATH_PROC,all groups,,Procedure time,workload,duration,minutes,120,functional area,,,
LABS_CARDIAC_CATH_UTIL,Utilisation rate of cardiac catheterisation laboratory,LABS_CARDIAC_CATH_PROC,all groups,,Utilisation rate,operational,proportion,percentage,0.85,functional area,,H2.0 Operational Standard,
ENDOSCOPY_PROC_ANNUAL_OPERATIONAL_HOURS,Hours per year that endoscopy room is operational,ROOMS_ENDOSCOPY_PROC,all groups,,Annual operational hours,operational,duration,hours,2880,functional area,10 hours/day × 6 days/week × 48 weeks/year,H2.0 Operational Standard,
ENDOSCOPY_PROC_TIME,Procedure time in endoscopy room,ROOMS_ENDOSCOPY_PROC,all groups,,Procedure time,workload,duration,minutes,60,functional area,,,
ENDOSCOPY_PROC_UTIL,Utilisation rate of endoscopy room,ROOMS_ENDOSCOPY_PROC,all groups,,Utilisation rate,operational,proportion,percentage,0.85,functional area,,H2.0 Operational Standard,
INT_RADIOLOGY_PROC_ANNUAL_OPERATIONAL_HOURS,Hours per year that interventional radiology room is operational,ROOMS_INT_RADIOLOGY_PROC,all groups,,Annual operational hours,operational,duration,hours,2880,functional area,10 hours/day × 6 days/week × 48 weeks/year,H2.0 Operational Standard,
INT_RADIOLOGY_PROC_TIME,Procedure time in interventional radiology room,ROOMS_INT_RADIOLOGY_PROC,all groups,,Procedure time,workload,duration,minutes,120,functional area,,,
INT_RADIOLOGY_PROC_UTIL,Utilisation rate of interventional radiology room,ROOMS_INT_RADIOLOGY_PROC,all groups,,Utilisation rate,operational,proportion,percentage,0.85,functional area,,H2.0 Operational Standard,
MATERNITY_BIRTH_ROOM_ANNUAL_OPERATIONAL_DAYS,Days per year that maternity birth room is operational,ROOMS_MATERNITY_BIRTH,all groups,,Annual operational days,operational,duration,days,365,functional area,,,
MATERNITY_BIRTH_ROOM_OCC,Occupancy rate in maternity birth room,ROOMS_MATERNITY_BIRTH,all groups,,Occupancy rate,operational,proportion,percentage,0.7,functional area,,,
MATERNITY_ASSISTED_DELIVERY_BIRTH_ROOM_LOS,Duration of stay in assisted delivery maternity birth room,ROOMS_MATERNITY_BIRTH,assisted delivery,,Length of stay,workload,duration,hours,34,subgroup,,,
MATERNITY_NON_ELECTIVE_C_SECTION_BIRTH_ROOM_LOS,Duration of stay in non-elective c-section maternity birth room,ROOMS_MATERNITY_BIRTH,non-elective C-section,,Length of stay,workload,duration,hours,12,subgroup,,,
MATERNITY_NORMAL_DELIVERY_BIRTH_ROOM_LOS,Duration of stay in normal delivery maternity birth room,ROOMS_MATERNITY_BIRTH,normal delivery,,Length of stay,workload,duration,hours,26,subgroup,,,
OP_CONSULT_ANNUAL_OPERATIONAL_HOURS,Hours per year that outpatient consultation room is operational,ROOMS_OUTPATIENT_CONSULT,all groups,,Annual operational hours,operational,duration,hours,2860,functional area,55 hours/week × 52 weeks/year,H2.0 Operational Standard,H2.0 Standard for Outpatients - All; Day Surgery Unit = 72 hours/week × 48 weeks/year
OP_CONSULT_UTIL,Utilisation rate of outpatient consultation room,ROOMS_OUTPATIENT_CONSULT,all groups,,Utilisation rate,operational,proportion,percentage,0.85,functional area,,H2.0 Operational Standard,
OP_CONSULT_FIRST_DNA_RATE,Did-not-attend rate for first attendance in outpatient consultation room,ROOMS_OUTPATIENT_CONSULT,first attendance,,Did not attend rate,workload,proportion,percentage,0.07,subgroup,,,
OP_CONSULT_FIRST_DNA_TIME,Time allocated when a first attendance appointment is not attended in outpatient consultation room,ROOMS_OUTPATIENT_CONSULT,first attendance,,Did not attend time,workload,duration,minutes,20,subgroup,,,
OP_CONSULT_FIRST_TIME,Consultation time for first attendance in outpatient consultation room,ROOMS_OUTPATIENT_CONSULT,first attendance,,Consultation time,workload,duration,minutes,38,subgroup,,,
OP_CONSULT_FOLLOW_UP_DNA_RATE,Did-not-attend rate for follow-up attendance in outpatient consultation room,ROOMS_OUTPATIENT_CONSULT,follow-up attendance,,Did not attend rate,workload,proportion,percentage,0.089,subgroup,,,
OP_CONSULT_FOLLOW_UP_DNA_TIME,Time allocated when a follow-up attendance appointment is not attended in outpatient consultation room,ROOMS_OUTPATIENT_CONSULT,follow-up attendance,,Did not attend time,workload,duration,minutes,20,subgroup,,,
OP_CONSULT_FOLLOW_UP_TIME,Consultation time for follow-up attendance in outpatient consultation room,ROOMS_OUTPATIENT_CONSULT,follow-up attendance,,Consultation time,workload,duration,minutes,20,subgroup,,,
OP_PROC_ANNUAL_OPERATIONAL_HOURS,Hours per year that outpatient procedure room is operational,ROOMS_OUTPATIENT_PROC,all groups,,Annual operational hours,operational,duration,hours,2860,functional area,55 hours/week × 52 weeks/year,H2.0 Operational Standard,
OP_PROC_DNA_RATE,Did-not-attend rate for outpatient procedure room,ROOMS_OUTPATIENT_PROC,all groups,,Did not attend rate,workload,proportion,percentage,0.07,functional area,,,
OP_PROC_DNA_TIME,Time allocated when an appointment is not attended in outpatient procedure room,ROOMS_OUTPATIENT_PROC,all groups,,Did not attend time,workload,duration,minutes,20,functional area,,,
OP_PROC_TIME,Procedure time in outpatient procedure room,ROOMS_OUTPATIENT_PROC,all groups,,Procedure time,workload,duration,minutes,28,functional area,,,
OP_PROC_UTIL,Utilisation rate of outpatient procedure room,ROOMS_OUTPATIENT_PROC,all groups,,Utilisation rate,operational,proportion,percentage,0.85,functional area,,H2.0 Operational Standard,H2.0 Standard for Day Surgery unit - assumed equivalency
OP_VIRTUAL_CONSULT_ANNUAL_OPERATIONAL_HOURS,Hours per year that virtual outpatient consultation room is operational,ROOMS_OUTPATIENT_VIRTUAL_CONSULT,all groups,,Annual operational hours,operational,duration,hours,1920,functional area,40 hours/week × 48 weeks/year,,Target not provided for virtual consultations in H2.0 Operational Standards
OP_VIRTUAL_CONSULT_DNA_RATE,Did-not-attend rate for virtual outpatient consultation room,ROOMS_OUTPATIENT_VIRTUAL_CONSULT,all groups,,Did not attend rate,workload,proportion,percentage,0.07,functional area,,,
OP_VIRTUAL_CONSULT_DNA_TIME,Time allocated when an appointment is not attended in virtual outpatient consultation room,ROOMS_OUTPATIENT_VIRTUAL_CONSULT,all groups,,Did not attend time,workload,duration,minutes,20,functional area,,,
OP_VIRTUAL_CONSULT_TIME,Consultation time in virtual outpatient consultation room,ROOMS_OUTPATIENT_VIRTUAL_CONSULT,all groups,,Consultation time,workload,duration,minutes,26,functional area,,,
OP_VIRTUAL_CONSULT_UTIL,Utilisation rate of virtual outpatient consultation room,ROOMS_OUTPATIENT_VIRTUAL_CONSULT,all groups,,Utilisation rate,operational,proportion,percentage,0.85,functional area,,,Target not provided for virtual consultations in H2.0 Operational Standards
HAEM_ONC_ANNUAL_OPERATIONAL_HOURS,Hours per year that haematology/oncology treatment space is operational,SPACES_HAEM_ONC,all groups,,Annual operational hours,operational,duration,hours,2880,functional area,60 hours/week × 48 weeks/year,,
HAEM_ONC_TREATMENT_TIME,Treatment time in haematology/oncology treatment space,SPACES_HAEM_ONC,all groups,,Treatment time,workload,duration,minutes,240,functional area,,,
HAEM_ONC_TREATMENT_UTIL,Utilisation rate of haematology/oncology treatment space,SPACES_HAEM_ONC,all groups,,Utilisation rate,operational,proportion,percentage,0.85,functional area,,,
SDEC_SPACES_ANNUAL_OPERATIONAL_HOURS,Hours per year that SDEC space is operational,SPACES_SDEC,all groups,,Annual operational hours,operational,duration,hours,4380,functional area,12 hours/day × 365 days/year,H2.0 Operational Standard,
SDEC_SPACES_LOS,Duration of stay in SDEC space,SPACES_SDEC,all groups,,Length of stay,workload,duration,minutes,240,functional area,,,
SDEC_SPACES_UTIL,Utilisation rate of SDEC space,SPACES_SDEC,all groups,,Utilisation rate,operational,proportion,percentage,0.5,functional area,,,
DAYCASE_THEATRE_ADULT_SURGICAL_PROC_TIME,Procedure time for adult surgical in day case theatre,THEATRES_DAYCASE_PROC,adult surgical,,Procedure time,workload,duration,minutes,40,subgroup,,,
DAYCASE_THEATRE_ANNUAL_OPERATIONAL_HOURS,Hours per year that day case theatre is operational,THEATRES_DAYCASE_PROC,all groups,,Annual operational hours,operational,duration,hours,2880,functional area,10 hours/day × 6 days/week × 48 weeks/year,H2.0 Operational Standard,
DAYCASE_THEATRE_UTIL,Utilisation rate of day case theatre,THEATRES_DAYCASE_PROC,all groups,,Utilisation rate,operational,proportion,percentage,0.85,functional area,,H2.0 Operational Standard,
DAYCASE_THEATRE_PAEDIATRIC_PROC_TIME,Procedure time for paediatric in day case theatre,THEATRES_DAYCASE_PROC,paediatric,,Procedure time,workload,duration,minutes,40,subgroup,,,
INPATIENT_THEATRE_ADULT_ELECTIVE_SURGICAL_PROC_TIME,Procedure time for adult elective surgical in inpatient theatre,THEATRES_INPATIENT_PROC,adult elective surgical,,Procedure time,workload,duration,minutes,90,subgroup,,,
INPATIENT_THEATRE_ADULT_NON_ELECTIVE_SURGICAL_PROC_TIME,Procedure time for adult non-elective surgical in inpatient theatre,THEATRES_INPATIENT_PROC,adult non-elective surgical,,Procedure time,workload,duration,minutes,80,subgroup,,,
INPATIENT_THEATRE_ANNUAL_OPERATIONAL_HOURS,Hours per year that inpatient theatre is operational,THEATRES_INPATIENT_PROC,all groups,,Annual operational hours,operational,duration,hours,2880,functional area,10 hours/day × 6 days/week × 48 weeks/year,H2.0 Operational Standard,
INPATIENT_THEATRE_UTIL,Utilisation rate of inpatient theatre,THEATRES_INPATIENT_PROC,all groups,,Utilisation rate,operational,proportion,percentage,0.85,functional area,,H2.0 Operational Standard,
INPATIENT_THEATRE_PAEDIATRIC_ELECTIVE_SURGICAL_PROC_TIME,Procedure time for paediatric elective in inpatient theatre,THEATRES_INPATIENT_PROC,paediatric elective,,Procedure time,workload,duration,minutes,90,subgroup,,,
INPATIENT_THEATRE_PAEDIATRIC_NON_ELECTIVE_SURGICAL_PROC_TIME,Procedure time for paediatric non-elective in inpatient theatre,THEATRES_INPATIENT_PROC,paediatric non-elective,,Procedure time,workload,duration,minutes,80,subgroup,,,
OBSTETRIC_THEATRE_ANNUAL_OPERATIONAL_HOURS,Hours per year that obstetric theatre is operational,THEATRES_OBSTETRIC_PROC,all groups,,Annual operational hours,operational,duration,hours,5110,functional area,14 hours/day × 365 days/year,,Obstetrics theatres are explicit exclusion from H2.0 Operational Standards
OBSTETRIC_THEATRE_PROC_TIME,Procedure time in obstetric theatre,THEATRES_OBSTETRIC_PROC,all groups,,Procedure time,workload,duration,minutes,60,functional area,,,
OBSTETRIC_THEATRE_UTIL,Utilisation rate of obstetric theatre,THEATRES_OBSTETRIC_PROC,all groups,,Utilisation rate,operational,proportion,percentage,0.5,functional area,,,Obstetrics theatres are explicit exclusion from H2.0 Operational Standards
